<?xml version="1.0" encoding="UTF-8"?>
<project-private xmlns="http://www.netbeans.org/ns/project-private/1">
    <editor-bookmarks xmlns="http://www.netbeans.org/ns/editor-bookmarks/2" lastBookmarkId="0"/>
    <open-files xmlns="http://www.netbeans.org/ns/projectui-open-files/2">
        <group>
            <file>file:/C:/Users/NorahS/OneDrive%20-%20IMAM%20ABDULRAHMAN%20BIN%20FAISAL%20UNIVERSITY/Desktop/Ethar_P/src/NearestHospital.java</file>
            <file>file:/C:/Users/NorahS/OneDrive%20-%20IMAM%20ABDULRAHMAN%20BIN%20FAISAL%20UNIVERSITY/Desktop/Ethar_P/src/admin.java</file>
            <file>file:/C:/Users/NorahS/OneDrive%20-%20IMAM%20ABDULRAHMAN%20BIN%20FAISAL%20UNIVERSITY/Desktop/Ethar_P/src/clothes.java</file>
            <file>file:/C:/Users/NorahS/OneDrive%20-%20IMAM%20ABDULRAHMAN%20BIN%20FAISAL%20UNIVERSITY/Desktop/Ethar_P/src/arrow-left%20(2).png</file>
            <file>file:/C:/Users/NorahS/OneDrive%20-%20IMAM%20ABDULRAHMAN%20BIN%20FAISAL%20UNIVERSITY/Desktop/Ethar_P/src/user.png</file>
            <file>file:/C:/Users/NorahS/OneDrive%20-%20IMAM%20ABDULRAHMAN%20BIN%20FAISAL%20UNIVERSITY/Desktop/Ethar_P/src/question-sign-in-circles.png</file>
            <file>file:/C:/Users/NorahS/OneDrive%20-%20IMAM%20ABDULRAHMAN%20BIN%20FAISAL%20UNIVERSITY/Desktop/Ethar_P/src/Jfound.java</file>
            <file>file:/C:/Users/NorahS/OneDrive%20-%20IMAM%20ABDULRAHMAN%20BIN%20FAISAL%20UNIVERSITY/Desktop/Ethar_P/src/AlAhsaa.java</file>
            <file>file:/C:/Users/NorahS/OneDrive%20-%20IMAM%20ABDULRAHMAN%20BIN%20FAISAL%20UNIVERSITY/Desktop/Ethar_P/src/show.java</file>
            <file>file:/C:/Users/NorahS/OneDrive%20-%20IMAM%20ABDULRAHMAN%20BIN%20FAISAL%20UNIVERSITY/Desktop/Ethar_P/src/Singin.java</file>
            <file>file:/C:/Users/NorahS/OneDrive%20-%20IMAM%20ABDULRAHMAN%20BIN%20FAISAL%20UNIVERSITY/Desktop/Ethar_P/src/coindeupse.java</file>
            <file>file:/C:/Users/NorahS/OneDrive%20-%20IMAM%20ABDULRAHMAN%20BIN%20FAISAL%20UNIVERSITY/Desktop/Ethar_P/src/Alqatif.java</file>
            <file>file:/C:/Users/NorahS/OneDrive%20-%20IMAM%20ABDULRAHMAN%20BIN%20FAISAL%20UNIVERSITY/Desktop/Ethar_P/src/FAQ1.java</file>
            <file>file:/C:/Users/NorahS/OneDrive%20-%20IMAM%20ABDULRAHMAN%20BIN%20FAISAL%20UNIVERSITY/Desktop/Ethar_P/src/lock.png</file>
            <file>file:/C:/Users/NorahS/OneDrive%20-%20IMAM%20ABDULRAHMAN%20BIN%20FAISAL%20UNIVERSITY/Desktop/Ethar_P/src/logo-1.png</file>
            <file>file:/C:/Users/NorahS/OneDrive%20-%20IMAM%20ABDULRAHMAN%20BIN%20FAISAL%20UNIVERSITY/Desktop/Ethar_P/src/HafarAlBatin.java</file>
            <file>file:/C:/Users/NorahS/OneDrive%20-%20IMAM%20ABDULRAHMAN%20BIN%20FAISAL%20UNIVERSITY/Desktop/Ethar_P/src/Alkhobar.java</file>
            <file>file:/C:/Users/NorahS/OneDrive%20-%20IMAM%20ABDULRAHMAN%20BIN%20FAISAL%20UNIVERSITY/Desktop/Ethar_P/src/NewBASKET.java</file>
            <file>file:/C:/Users/NorahS/OneDrive%20-%20IMAM%20ABDULRAHMAN%20BIN%20FAISAL%20UNIVERSITY/Desktop/Ethar_P/src/AlDammam.java</file>
            <file>file:/C:/Users/NorahS/OneDrive%20-%20IMAM%20ABDULRAHMAN%20BIN%20FAISAL%20UNIVERSITY/Desktop/Ethar_P/src/User.java</file>
            <file>file:/C:/Users/NorahS/OneDrive%20-%20IMAM%20ABDULRAHMAN%20BIN%20FAISAL%20UNIVERSITY/Desktop/Ethar_P/src/Blood.java</file>
        </group>
    </open-files>
</project-private>
